source,dest,magnitude,sisters,pseudolik_0,pseudolik_1,correct_inf
8.0,7.0,0.4800977604607741,False,256.8971302469049,28.469852266426845,True
14.0,2.0,0.33721266251847865,False,77.97219005918686,28.85545220031675,False
3.0,14.0,0.3477229485109894,False,386.0424276257895,46.64859602813979,False
17.0,16.0,0.07704006461039682,True,20.61844240345986,15.044714557780221,False
15.0,14.0,0.14767472775032436,True,21.061964883790758,14.912283411239912,False
2.0,3.0,0.19868713591681708,False,88.21486220978089,14.716044037635186,True
5.0,8.0,0.33447713941149215,False,339.48639359085445,36.10858310233555,False
0.0,2.0,0.4199613082116115,False,29.521788495476578,12.98712681475844,False
16.0,15.0,0.3705696238045299,False,16.321021984074665,13.540979334886373,False
13.0,17.0,0.4068023630057254,False,22.501840287720416,13.762841869310254,False
9.0,10.0,0.07543093846283283,False,73.48308503040481,24.036793487328676,False
4.0,8.0,0.17989316096863495,False,131.3566110958183,20.522197228709185,True
0.0,6.0,0.2701034879342554,False,166.57916004803135,21.491754534990548,False
5.0,7.0,0.43157979322575324,False,39.34202876492241,19.25437073933022,False
2.0,7.0,0.25321306310970504,False,242.64408523012978,15.442616737331281,False
10.0,2.0,0.34837352833943536,True,11.417125821433899,9.968541416283221,False
8.0,7.0,0.27201464844895196,False,205.65392432838703,30.849950975066445,False
7.0,3.0,0.3965706233389735,False,118.64911172393965,37.1701993292728,False
5.0,6.0,0.35737749119057416,True,17.957793837680267,14.042473728523884,False
5.0,4.0,0.4636914168384511,False,439.86193509172307,24.553642082089386,True
15.0,16.0,0.3951399070268081,False,15.44154635025076,13.68407581532761,False
0.0,5.0,0.1337989505405871,False,454.3278032297177,35.529663886513724,False
4.0,2.0,0.4207994968637918,False,77.779847520278,19.257728589447694,True
7.0,10.0,0.2669376378756897,False,313.99688666363863,52.427236044247195,True
14.0,16.0,0.32095271479245563,False,23.23541900125266,17.102422506872266,False
1.0,2.0,0.2886060912424124,False,39.63198735746143,14.452138619720177,False
11.0,12.0,0.1391384659264572,False,85.4801786863489,29.045716685425198,True
4.0,6.0,0.08520531714224983,False,145.42575267401918,28.62505500979241,False
0.0,9.0,0.2261379638337745,False,172.66413382518292,16.99842922543228,True
11.0,10.0,0.4224940974888023,False,849.3943935888495,87.92808173798637,False
13.0,7.0,0.3450602777569482,False,318.0740351377244,97.78849493836829,False
4.0,6.0,0.10719675050040567,False,126.63147399465012,19.83260844991792,False
12.0,15.0,0.2944153596777527,False,144.2405005139915,39.383839760595315,False
1.0,8.0,0.4665692690151072,False,543.2814201085911,28.902451457017264,True
2.0,3.0,0.19866178106615795,False,61.25873418799564,11.786561624002502,True
1.0,4.0,0.10176703697895581,False,53.82239722935864,15.20851036846726,True
0.0,9.0,0.3343428663747922,False,542.711467503218,27.371864049484834,True
4.0,2.0,0.2964802003549676,False,42.260564074449995,17.337499980566484,True
0.0,2.0,0.446732946082033,False,132.98538271798435,17.82490356066205,True
9.0,10.0,0.3704261111536913,False,69.36855023463083,16.992740695125253,True
12.0,4.0,0.20116783730516857,False,23.2674010960894,16.893477064533105,False
0.0,1.0,0.34617157552874706,True,12.461706478412278,10.879222979607983,False
3.0,8.0,0.20295714595025527,False,249.2453911889496,19.287977464925184,True
1.0,8.0,0.17255120510202857,False,390.42617740572285,50.07185355582876,True
14.0,15.0,0.11181763447762313,True,20.56945849394034,16.750535647683876,False
11.0,7.0,0.20270717400618116,True,20.365692545718282,17.512202362928875,False
9.0,4.0,0.07797020912973757,False,62.468095705623846,21.000037467881956,False
13.0,15.0,0.33639392119331996,False,53.449829513159635,29.19462951963159,False
1.0,5.0,0.23267872754080043,False,745.4990403027107,59.323190949735306,False
15.0,12.0,0.3056002284867447,False,29.6934484979319,15.578050323424247,False
15.0,12.0,0.36900422496487334,False,55.47349675692671,12.743147999808473,False
2.0,8.0,0.10617942541290104,False,103.40454725457684,23.925239758310635,True
3.0,4.0,0.14396427048742183,True,20.64855966482997,16.79420001109155,False
2.0,5.0,0.14826766766062857,False,347.070191864396,33.719209632239505,False
2.0,4.0,0.3515946922747053,False,186.28858727697335,27.78611110531892,True
6.0,7.0,0.09499605477236261,False,33.437065880864274,30.886737247141923,False
2.0,6.0,0.051154042237288734,False,80.0291180892588,14.895658921522884,True
4.0,1.0,0.38347522017930796,False,409.1997550794782,26.56041926816476,False
7.0,1.0,0.21519476186308234,False,109.34640640114606,29.713800139544954,False
6.0,8.0,0.21009306025000885,False,243.15277831654814,40.05688929886703,True
9.0,1.0,0.3595337516909454,False,591.4876293799664,40.954986663139074,False
1.0,8.0,0.11091075794585759,False,44.276756427420246,17.39298053607992,True
4.0,8.0,0.35261659702430936,False,358.7444875149705,36.81487146682667,True
4.0,8.0,0.06415268529787094,False,35.1957941482461,16.79144748645969,False
6.0,0.0,0.4183350954301738,False,706.2987773475892,25.297395960067366,True
2.0,5.0,0.4861842922694175,False,480.6966877370901,19.512937888769635,False
0.0,3.0,0.09280230461148711,False,20.62975946183098,13.497490202026707,True
2.0,3.0,0.1587953780969223,False,109.92851434695736,14.031455147281978,False
0.0,1.0,0.08175377833432587,True,16.76766451446083,13.96996208630559,False
16.0,15.0,0.29460220837507195,False,18.378586989416963,15.547321949119134,False
9.0,4.0,0.46843704453191076,False,813.3118245871252,109.20741566381932,True
6.0,9.0,0.10605404464339466,False,66.4840051262732,17.84167805087404,True
15.0,2.0,0.21125309760555472,False,97.37728714699331,65.35238167209528,False
15.0,14.0,0.46722538899037613,True,15.616239929456754,13.90474866446069,False
7.0,6.0,0.3695554154803313,False,14.214676626584122,12.476047345298356,False
6.0,1.0,0.10976381944986195,False,119.08094450893972,23.185099172814454,True
3.0,4.0,0.3467903437931425,True,28.329939137622194,17.765310012690588,False
10.0,9.0,0.3350977941174485,False,141.01857864153598,99.9604534394894,False
7.0,8.0,0.28929432662153687,False,190.77931667476565,21.200457956659537,True
6.0,8.0,0.34126779169701155,False,465.8275663525062,24.7136012132949,True
5.0,6.0,0.0723813250349463,True,17.618292462519797,13.139055467891048,False
3.0,15.0,0.20911920379256427,False,60.74987053798035,14.819706827679678,True
0.0,6.0,0.2061772929398365,False,410.51430256371737,39.16795626026543,False
8.0,12.0,0.20747778322125005,False,179.9515475468234,41.58025890981364,False
3.0,14.0,0.35452381449695725,False,560.8315777589182,34.37304623373908,True
7.0,5.0,0.4622381463792956,False,29.71544988924478,19.322450161764326,False
2.0,3.0,0.4044103596082618,False,164.62861898689712,16.74750388520359,True
3.0,0.0,0.16893654525906282,False,76.89269998556904,22.07920338802286,True
1.0,3.0,0.3291927888867249,False,145.6590136631155,21.484070327253292,True
5.0,0.0,0.41942836062361216,False,1113.8683343618377,103.67658295770433,False
9.0,4.0,0.06710060941511539,False,57.951204471429534,19.603515214666285,True
7.0,12.0,0.1462897280518298,False,125.03087366974549,23.063521168391446,False
11.0,9.0,0.2725727708022889,False,93.23554580527427,25.21941703238313,True
10.0,8.0,0.46031551388575426,False,795.09213986239,51.113976819628206,True
1.0,8.0,0.05352521366432235,False,144.79590450709244,26.029338670766098,True
7.0,15.0,0.2942140641481123,False,32.1600661912759,13.241743100713585,False
1.0,3.0,0.38868613048826817,False,309.55962027754833,32.06699739610386,True
2.0,0.0,0.11541301429744391,False,20.652210276314246,13.843464317862168,False
1.0,0.0,0.3875543030196082,True,16.94518862890209,14.6265467427161,False
6.0,8.0,0.24959516765580442,False,273.4072809890447,28.797850979491745,True
8.0,9.0,0.059549811883444236,True,11.093633675691974,9.916614301131581,False
11.0,13.0,0.36384495657957966,False,371.53201775383576,29.848227203012833,True
0.0,6.0,0.14070570821636622,False,424.7824097011298,48.54960719352442,False
4.0,15.0,0.30192977123992526,False,354.3352428363881,23.178479747891643,True
2.0,0.0,0.08933932314581099,False,23.81004358211166,20.8368368243322,False
10.0,5.0,0.3657720291498612,False,695.7808717172767,551.5969710139684,False
12.0,13.0,0.14606319718881755,True,16.804029902126274,14.692431321297475,False
14.0,4.0,0.35939940366877776,False,130.05218370583412,74.84088580556838,False
7.0,2.0,0.376955650517371,False,416.78497992074176,36.54049883624248,True
9.0,6.0,0.056267559341119065,False,29.520133577587995,15.829971613580364,False
9.0,5.0,0.08011412102245791,False,52.94747544075344,13.804118854342478,False
1.0,3.0,0.19475943806043416,False,87.42366858511468,13.054078691241918,True
2.0,7.0,0.412138282829793,False,757.5305910201374,98.49684892245394,True
9.0,10.0,0.1822540845460533,False,72.2147352261794,16.842284251137638,True
4.0,14.0,0.2956048011946641,False,118.55139120666041,23.006218367078926,True
7.0,10.0,0.09258446849272048,False,34.56451541552257,18.20092719270642,False
9.0,8.0,0.0668176029019748,True,23.147857640145773,18.190535041622788,False
3.0,4.0,0.09780726597532441,True,16.84621372886663,11.633898310423037,False
4.0,14.0,0.1498220329957139,False,187.80908581747994,44.389012025016555,True
15.0,3.0,0.19518226093380142,False,172.4888504709558,116.54088545853979,False
4.0,10.0,0.0828098010456791,False,77.80405816539943,22.7376099593619,False
2.0,5.0,0.4514182044916033,False,1072.6277262818237,162.16382160838197,False
2.0,4.0,0.17936525439331757,False,114.45846995655542,19.59560660970705,True
10.0,7.0,0.10636621411281634,False,209.8582425445045,69.96062852661673,False
13.0,14.0,0.23821727332455467,False,31.487084417296344,16.140670257435787,False
1.0,7.0,0.45117281823399946,False,1159.1021727289021,82.64953370150542,True
8.0,6.0,0.22783299103927174,False,234.3149856942514,23.742156849672828,False
5.0,4.0,0.058224946443254544,False,140.51710218348026,37.24707640217676,False
11.0,7.0,0.21032582386008797,True,23.13484263386023,18.584359976557,False
4.0,11.0,0.2474997241811659,False,104.95027874209549,16.881316228122014,True
1.0,2.0,0.14628024202640622,False,28.018035303311848,16.145517570224197,True
10.0,13.0,0.4958478227144955,False,77.85749567751574,23.964015257023327,False
9.0,3.0,0.475042118999126,False,723.5171243638046,140.94344411960304,True
9.0,2.0,0.16638524069372593,False,51.43614933480761,15.235678373510254,True
1.0,0.0,0.4498094988889325,True,12.661918851529546,9.835097678511646,False
15.0,2.0,0.3260795004427134,False,101.3661311611917,16.161520554630705,False
13.0,14.0,0.4990974391857092,False,50.323880261787245,23.619228083441875,True
6.0,9.0,0.15491816726553517,False,163.59035473399507,18.863955224004332,True
11.0,2.0,0.2574604891664837,False,165.21897267075485,118.66249311083499,False
10.0,7.0,0.3553606472635626,False,446.42289199046985,30.033058367391774,False
14.0,15.0,0.4017588906809466,True,14.655626521467362,12.444071153405307,False
14.0,10.0,0.38960064924372056,False,104.82299384652079,22.221392118846715,False
6.0,0.0,0.36824526494302307,False,662.5413937993832,29.41960918584236,True
12.0,15.0,0.19644658664532616,False,27.66146393885715,19.812485405739945,False
5.0,1.0,0.37934084029033954,False,1098.3837404337594,258.8301633160455,False
7.0,5.0,0.329449800981762,False,20.614910012575656,15.92010783096551,False
8.0,0.0,0.06995387594215413,False,15.9244574856935,10.966922484477372,False
9.0,1.0,0.46734572089724397,False,389.8897954089939,20.93890506597727,False
3.0,6.0,0.17039541248162549,False,575.9251255360377,43.54767608363722,False
12.0,14.0,0.24978015514585927,False,27.261978335891182,18.95863407472812,False
6.0,2.0,0.2341301117477957,False,792.7402268963978,56.50497159445599,True
3.0,8.0,0.21776118214702994,False,331.911083528227,37.1408088708337,True
1.0,2.0,0.3479497333122171,False,63.43203206311026,15.80574710632223,True
8.0,12.0,0.494610288638127,False,273.00386958224175,85.58274898125727,False
4.0,3.0,0.18523493358775456,True,20.548962044643865,16.93101002794606,False
12.0,13.0,0.1903209002640608,True,19.06809689828116,16.476161283377444,False
14.0,15.0,0.30603602068356367,True,20.692227802097516,17.758662582394745,False
1.0,6.0,0.22996550675629718,False,244.91674942103742,18.56128966298466,False
11.0,7.0,0.18421356247453258,True,17.580794585722575,15.550246507194517,False
4.0,0.0,0.14281687276658495,False,90.99944161542639,17.586967920755548,False
3.0,8.0,0.08262132893306037,False,92.03182862255935,19.482597047610067,False
9.0,6.0,0.18907147437355487,False,202.3994414547794,37.61274087464548,False
15.0,14.0,0.1495028906491644,True,18.639853150300176,14.749520569817001,False
10.0,3.0,0.19973910260786643,False,149.7927883158117,17.76891823879001,False
9.0,11.0,0.14290006735592584,False,60.39724099518607,19.97535150772293,False
0.0,3.0,0.2324162363419221,False,61.9526907615229,17.599594354746888,True
1.0,8.0,0.2581375587962819,False,259.85737424211476,28.39685788414971,False
15.0,11.0,0.4072271207586286,False,29.732348702488373,24.731150674990207,False
6.0,5.0,0.3048241331682137,True,16.21007926969821,11.360613718455493,False
0.0,7.0,0.1460289413724316,False,318.554939548781,45.571323865382205,False
11.0,4.0,0.4982755341811355,False,1106.5965982428647,197.1271630298035,True
3.0,15.0,0.2557519111298064,False,506.271648549792,45.44057792636254,True
4.0,7.0,0.19660647872092474,False,150.6427767409511,15.893145031174255,True
3.0,4.0,0.3813805195534267,True,13.947417391846033,11.43799550024115,False
3.0,15.0,0.3883685674094168,False,169.41021007216605,45.81673900320562,True
7.0,1.0,0.05607979816520814,False,55.24736259501292,17.205434986042675,False
9.0,3.0,0.13424671897509602,False,163.9129845760193,24.516590323339884,False
10.0,14.0,0.20296254520965157,False,142.14519190877138,28.585163025168768,True
8.0,14.0,0.14656501794916804,False,59.037885433546485,17.65996060249111,True
9.0,6.0,0.13963154254493448,False,72.58790376310846,18.037249740249685,False
1.0,6.0,0.2227555690308748,False,524.6649190267044,30.796359220780094,False
17.0,13.0,0.12328337718427419,False,16.677297155770084,14.788268835895142,False
3.0,1.0,0.2759300127021338,False,74.32086698034537,16.28548528726734,True
4.0,7.0,0.28748189564988597,False,398.4572652959181,111.29530232111075,True
9.0,10.0,0.0643384276338996,False,28.183607169601288,16.46283580294863,False
2.0,13.0,0.14544420294294128,False,19.423145662683314,13.823168613456158,True
7.0,11.0,0.2541269978033669,True,18.407553366643807,15.411163675728687,False
11.0,2.0,0.28674869280166987,False,149.52196105690655,74.94042624857855,False
13.0,9.0,0.41618198421104186,False,182.35744684215692,20.018827390891357,True
1.0,4.0,0.22283449668975897,False,309.3540495989448,17.288112390040922,True
9.0,7.0,0.40265236717707903,False,82.63947617649897,37.7647441219728,False
10.0,2.0,0.3302772060142002,True,17.579761228448234,14.556158034996757,False
11.0,8.0,0.42496894115883554,False,133.30479574146156,17.700774290089704,False
4.0,5.0,0.28978844244154967,False,648.2489739807397,31.524525318933144,True
2.0,8.0,0.48089265082986876,False,528.6695799080666,93.82778884506531,True
4.0,9.0,0.2067779161820844,False,308.52846325289437,20.400490913731513,True
0.0,1.0,0.3539636906254533,True,16.937715607698557,14.519222055735462,False
11.0,8.0,0.4908699709136117,False,268.94434069898546,118.23707101940683,False
6.0,0.0,0.10975794172663232,False,241.53190070386816,39.97998105308359,False
8.0,10.0,0.23153703040870216,False,325.4374261824024,74.37958592860664,False
3.0,10.0,0.4476560473457553,False,75.81904445435826,13.274101487908299,False
9.0,4.0,0.48321392710057137,False,277.07742576906077,23.76281931238362,False
11.0,4.0,0.15205902890314887,False,80.84924004983978,16.688713725777756,True
7.0,9.0,0.4625703348347031,False,56.25839681285781,16.44191367571094,True
10.0,9.0,0.46863979919239906,False,204.96056159688993,140.59713100505638,False
12.0,15.0,0.13564290928504522,False,25.27192369572842,13.356544167586112,True
4.0,5.0,0.09861043078312859,False,78.97820685858164,18.920717557489052,False
8.0,4.0,0.10323519005167459,False,94.10134555968719,18.858913565121526,True
9.0,2.0,0.24079938941626694,False,278.29910612160035,26.153937522947285,True
4.0,1.0,0.1861292975040046,False,129.266872862134,16.681976318670777,False
9.0,11.0,0.44358089843820836,False,38.906620509288175,17.095168615511113,False
10.0,3.0,0.22107507774787782,False,37.72100229242963,30.59757608584649,False
2.0,10.0,0.36268917293250785,True,12.734937468840565,10.314173830952251,False
9.0,7.0,0.08605673945692194,False,22.127813856972764,18.12091007897041,False
1.0,4.0,0.4387837831102578,False,569.0571838833156,19.137817297424075,True
14.0,15.0,0.45541007767908737,True,24.847570345626494,17.10495791189962,False
12.0,11.0,0.19855151536975307,False,39.94208901585181,14.69249973400813,False
7.0,6.0,0.21735253705623309,False,29.165773667549583,24.07653668547059,False
10.0,7.0,0.14623982160667348,False,59.82130112465192,30.128233545897263,False
17.0,16.0,0.22493185073177807,True,23.87956446452906,17.269800202516198,False
10.0,5.0,0.34166407332567617,False,346.9621999725377,39.43177011874173,False
5.0,1.0,0.2386829245372551,False,727.9196755624841,41.53478966940528,False
7.0,6.0,0.3500691248556747,False,50.302271047800424,13.493041538875362,True
0.0,3.0,0.15055741424814117,False,63.410372831494286,60.940792251043845,False
6.0,4.0,0.3657663926332635,False,881.0119142239279,49.53813907129872,False
13.0,15.0,0.40885258023606835,False,324.9561049002784,15.49105506472973,True
0.0,1.0,0.41536321772700874,True,18.079861778388285,15.315560608039567,False
4.0,14.0,0.21334907888818916,False,296.62477548932594,29.385443536698812,True
9.0,6.0,0.15512743273448365,False,70.5862411145481,18.579097218576575,False
13.0,7.0,0.14305582134393868,False,47.146102704322495,18.615319834309652,False
17.0,16.0,0.3381393164191866,True,19.85190743238287,17.721067880289873,False
12.0,15.0,0.4227567472525753,False,367.66829644481584,20.492494652590995,True
9.0,14.0,0.15025923756770146,False,30.431817926675482,15.820504268860802,True
11.0,7.0,0.3450186758641117,True,16.522822472588594,13.094649507792917,False
10.0,14.0,0.1539627863617929,False,163.42740001116837,38.64544271168245,True
12.0,14.0,0.21134439542357186,False,47.617267387705034,15.737663569765193,True
2.0,13.0,0.34190859116567696,False,54.908371475746854,9.46608885391831,False
10.0,2.0,0.28212433106925106,True,15.972922003912977,11.938510291670298,False
14.0,15.0,0.34813115027517216,True,18.526608066812383,12.636774941350847,False
8.0,7.0,0.12755281610795163,False,34.560807017491925,14.955428617403996,True
4.0,5.0,0.07271561907477173,False,51.586231427314196,21.746144198579668,True
6.0,9.0,0.07511838303955057,False,25.86805099239914,18.437624041272457,True
2.0,7.0,0.12442393715990738,False,148.61727556777444,22.170800064846535,False
0.0,3.0,0.21893148757116365,False,38.20263450737896,14.920262682285117,True
2.0,4.0,0.12847284163500783,False,31.817302428594317,16.726606909986963,True
15.0,13.0,0.3568261959778053,False,45.5931757860228,18.44080918406336,False
4.0,11.0,0.11447123116636336,False,101.56768130137813,19.47909136595531,False
1.0,2.0,0.25691981396359154,False,26.83550763536702,16.450993915449757,True
0.0,11.0,0.16093793880843785,False,174.2729051354487,18.243695143083304,False
3.0,10.0,0.27514557140153495,False,63.79108894333907,19.95875717550262,True
10.0,7.0,0.09736591539943801,False,46.85365356721404,13.735158458773764,False
12.0,7.0,0.10800406719600197,False,19.71402990485589,16.86028540917694,False
0.0,3.0,0.4579967089869547,False,740.9367152514394,49.90616441093372,False
9.0,5.0,0.3480787189628325,False,164.4624815277184,14.599276204882539,True
14.0,12.0,0.39334390783579315,False,22.83148162866673,18.5818489132569,False
11.0,8.0,0.43669591435683536,False,17.937254641901124,9.992368243315592,False
16.0,17.0,0.31557712437184415,True,17.991557422522533,12.965531117363096,False
11.0,0.0,0.4366982969751436,False,1176.637952684851,84.18564143311241,False
10.0,4.0,0.4350898711428222,False,239.27889277155134,29.174559749603493,True
2.0,0.0,0.3494915818930674,False,21.909855858343956,18.629291489803574,False
3.0,15.0,0.14586451595653677,False,130.07461217948747,34.32707270784713,True
2.0,4.0,0.32697734222324365,False,90.47320780625776,18.07023794719305,True
6.0,5.0,0.25785399869623066,True,17.58428014669911,15.29508038663301,False
6.0,5.0,0.45740723951590856,True,9.184172389084432,8.663840755332131,False
3.0,1.0,0.32641953413869507,False,195.51477406263203,24.124903060590178,True
9.0,3.0,0.07070150575275296,False,71.12710998374635,18.678437875612612,False
5.0,1.0,0.29786244082023244,False,860.0470049349168,60.044545522420485,True
11.0,1.0,0.37342089134741546,False,1251.1280854265551,284.8830147297999,False
9.0,8.0,0.3623995235269813,True,14.99858339325916,12.139087242775718,False
3.0,5.0,0.15751090317864466,False,338.1563464453029,32.56903499841439,False
13.0,12.0,0.10956095167115174,True,16.533275209457507,13.844113721101596,False
0.0,1.0,0.395768566986934,True,24.41442693024523,20.29219326878612,False
9.0,0.0,0.4715251466874623,False,505.09371076364005,23.99438790234981,True
3.0,15.0,0.4379759721104879,False,849.2031928763106,163.03992373430697,True
6.0,9.0,0.062405339111574504,False,34.57090935210901,14.725564023093042,False
8.0,6.0,0.2621051610301056,False,233.847114269747,28.077356911108655,False
10.0,4.0,0.36079157651644767,False,102.87792048186706,20.00285582691413,True
3.0,12.0,0.2505165042288248,False,58.424798130568966,15.069235576578443,True
1.0,4.0,0.32045639413594845,False,111.5011549569301,24.86130759582552,False
2.0,0.0,0.3032977123233904,False,22.670291847017065,16.093774873306693,False
2.0,3.0,0.48722663902093466,False,558.863383375987,20.2385891046499,True
4.0,1.0,0.2078382000687462,False,216.1346748739877,20.84610203181633,False
2.0,11.0,0.23355583777643246,False,228.38687958054663,23.46382716233259,True
15.0,16.0,0.43039951709230456,False,24.779213806843263,16.234828741307414,False
13.0,12.0,0.13488296817258164,True,17.22378138790987,15.963743393649162,False
10.0,15.0,0.1714149151900627,False,149.70791986314418,13.219555279824789,False
4.0,2.0,0.1809247998240905,False,69.26073081915678,16.25950312062463,True
4.0,11.0,0.1200148373039767,False,123.02068538253977,41.70391015075581,False
7.0,12.0,0.0707852156465471,False,46.75977771314369,21.74304763712141,True
14.0,15.0,0.38397298544909675,True,21.273340119910948,16.42504653351025,False
1.0,4.0,0.14954935767092337,False,51.05206496666408,17.553836111078716,True
0.0,9.0,0.4973150384791645,False,411.01290589732673,23.72333413050862,True
7.0,15.0,0.4991479329660057,False,61.156846219340814,21.47826798586762,False
4.0,0.0,0.08250930183362198,False,28.5478010229037,19.58186776156174,False
11.0,12.0,0.46771757005239895,False,338.1560693935627,35.95269416942647,True
4.0,3.0,0.2674346991681331,True,13.397702987212895,10.96825656473181,False
4.0,0.0,0.3287629025694967,False,121.80806794336925,24.994185742991657,True
1.0,8.0,0.3371926783057784,False,274.88446157785427,16.955902053882284,True
0.0,9.0,0.2728710808130819,False,664.743340178739,47.19887921686167,True
15.0,13.0,0.2979933189357892,False,31.28689249672148,13.069082062147222,False
7.0,15.0,0.20628931206375017,False,86.28465394318785,17.219975707546315,True
3.0,7.0,0.15490018873957734,False,109.28546816459921,15.22899839347567,True
8.0,4.0,0.19200482884143794,False,443.2736067991919,58.721466196799874,False
16.0,14.0,0.3094952009079,False,13.44048337403352,12.349628758090887,False
2.0,5.0,0.35168812328620475,False,663.1850912215066,67.11709463978846,True
2.0,11.0,0.17583857632776456,False,245.79145864125724,80.5170433782478,False
7.0,10.0,0.3676051503737936,False,234.1997374663548,24.510489238148892,False
7.0,3.0,0.44532794363564654,False,578.8612901061725,30.164011250706167,True
10.0,8.0,0.2593474571533304,False,128.97609766169728,35.8339634000739,True
8.0,5.0,0.29845122529878326,False,121.12831306503287,18.54139897271065,False
5.0,6.0,0.4508101057288204,True,18.13624687269604,14.03933862628776,False
7.0,3.0,0.17322162532011454,False,298.28169202401017,52.87998565488321,False
6.0,1.0,0.45869819321470334,False,1363.8592271593538,161.55829461404053,True
8.0,2.0,0.4875663560871977,False,984.7021070155964,50.27976948336809,False
10.0,15.0,0.3637524465088246,False,115.64147127633701,23.04207072932035,True
9.0,4.0,0.4764575409332245,False,1036.2427338644186,97.16920132442962,True
10.0,13.0,0.3336370095728679,False,69.21444882905868,15.644425258802896,False
0.0,5.0,0.3121905162399855,False,951.3177905999027,157.53475764380002,False
4.0,1.0,0.3494229645969863,False,85.73682729473566,10.266584942387793,False
4.0,11.0,0.34508704312426325,False,487.2485478283028,74.06462008783807,False
7.0,9.0,0.12336270161308893,False,41.02357942543895,16.709490852265457,True
5.0,6.0,0.12316940123358434,True,16.492466346182034,13.380023424761895,False
11.0,4.0,0.42180527437947773,False,99.79232887253094,74.70533721506148,False
1.0,0.0,0.407107985364167,True,11.67019594040142,10.217904552130403,False
15.0,10.0,0.12253490108434546,False,48.0774419278364,18.096874787812766,False
10.0,5.0,0.17926304915298552,False,71.66178348320527,13.893884493642222,False
7.0,8.0,0.3592741724063056,False,227.78252746959419,18.417372714618853,True
13.0,15.0,0.496394333478181,False,97.7489716989571,14.179392192763284,False
12.0,3.0,0.4010433143542114,False,23.543139015726524,20.5979521073424,False
9.0,7.0,0.3525886898088496,False,53.83473971404233,11.168396037748927,True
0.0,5.0,0.340925871877297,False,705.7843563072458,38.41741693229011,True
11.0,12.0,0.4374641221340402,False,143.489654563881,36.400842425465505,False
13.0,15.0,0.1285571820445166,False,52.25982453345626,15.380812378978174,True
9.0,7.0,0.1886059601565958,False,31.88375470238311,20.885173443321513,True
5.0,9.0,0.4954313412910356,False,636.947835492505,31.668931880854633,False
7.0,3.0,0.05905531414117974,False,47.89571515324565,21.193893683434332,True
4.0,5.0,0.40822665252547197,False,291.97656873672304,55.72692018013715,True
10.0,13.0,0.16671346268025528,False,59.832263232599765,22.225196724805294,True
6.0,5.0,0.18134521053452152,True,26.176955344031473,20.625376841276633,False
0.0,3.0,0.179957295231561,False,186.601783624239,23.92106650395762,True
3.0,10.0,0.15629602577896923,False,93.06407258387902,19.967755348836565,True
5.0,2.0,0.06608181572525783,False,136.3763870772985,49.52237113360394,False
6.0,0.0,0.3236199295676773,False,983.4527981744163,29.191522738955587,False
7.0,1.0,0.20601039245982106,False,167.09277752639534,19.23046781336322,True
10.0,11.0,0.3186723045715805,False,244.20761551550584,23.938910156688515,True
9.0,6.0,0.3595969142627124,False,118.34691035864171,10.571936339571957,True
5.0,8.0,0.4826464200591938,False,803.7808079342445,39.18678560208336,False
7.0,10.0,0.21593045922682635,False,284.1197161325731,85.35159368826275,False
9.0,3.0,0.14741142085521686,False,232.32034494665882,52.79378911847248,False
3.0,12.0,0.3059373535808056,False,46.190871409895365,22.303047965987126,False
6.0,2.0,0.13801857352473204,False,89.18809344397542,19.58469434205599,True
4.0,9.0,0.1256963202792377,False,146.9462320315916,42.879515898972244,False
3.0,8.0,0.45487349201215577,False,797.2340984343958,250.93737350237885,True
11.0,3.0,0.31597286269735514,False,399.98702064570426,69.42724762049075,True
3.0,8.0,0.15150151968398318,False,310.9256869593081,37.9152682773975,False
15.0,10.0,0.06343878411800503,False,27.980240457736986,12.957522059939727,False
6.0,7.0,0.29642548081676867,False,98.3759721850708,31.86435942864834,True
10.0,2.0,0.3123581109885729,True,20.517191815658403,16.500626027305138,False
10.0,5.0,0.050017709723351456,False,26.155503189715255,12.06126033501793,False
13.0,2.0,0.14609393531156323,False,18.150802277929408,15.028103211928718,False
15.0,11.0,0.39872682679622007,False,18.290064935272326,17.141510713141304,False
14.0,12.0,0.39796680270107215,False,169.32361358189516,22.11406302229168,True
9.0,4.0,0.4143763907481149,False,793.5690951464622,238.68598949445666,False
2.0,14.0,0.294065117677903,False,76.50291779203177,17.55375974506216,True
1.0,3.0,0.1413342321357502,False,130.63260756757288,26.02021536393398,False
4.0,11.0,0.06314376166078686,False,57.34772810877225,20.45731279493185,False
7.0,3.0,0.35772077922042905,False,492.63707497056777,66.87810090703736,True
2.0,3.0,0.26154233693096907,False,189.7988349009374,19.173929703690668,True
5.0,4.0,0.20997806336010433,False,252.78270634588628,17.117115699142104,True
11.0,15.0,0.16888613342122666,False,45.15726817994525,15.008833613729909,False
7.0,6.0,0.3794983321473286,False,26.12239072491058,15.214507271979121,False
9.0,11.0,0.26877311098942963,False,38.347457411717734,14.931115920612152,True
15.0,13.0,0.23893348319767743,False,22.462384352996697,11.102414819862354,False
3.0,7.0,0.33096920635886684,False,101.70959052313374,37.264196866054476,False
2.0,6.0,0.2591572127386408,False,476.5628705426998,32.55979857649232,False
7.0,4.0,0.354508318437403,False,280.17681411959427,29.775393429326044,True
11.0,3.0,0.44642482130811917,False,196.56746138740152,51.756756771454725,True
12.0,13.0,0.3884876027210681,True,16.34353533006136,12.329979596315287,False
1.0,2.0,0.15277699507337517,False,26.48092609531137,21.74099609777944,False
3.0,0.0,0.21369681238076765,False,148.3848316988887,23.793847999248598,False
12.0,8.0,0.44042723114222704,False,46.37148643721554,23.750085922087646,False
13.0,8.0,0.28794703216413725,False,69.88617685639763,31.78943287388645,False
10.0,8.0,0.14652566385709756,False,25.300859343942193,13.595680814617184,False
0.0,5.0,0.4402558318966929,False,879.1101185517587,32.61493453031515,True
6.0,10.0,0.3161239737469506,False,774.4411791289682,76.04196123362122,True
2.0,8.0,0.13252777721817396,False,76.92140396134124,21.136609061011516,True
4.0,9.0,0.22937091537517446,False,178.28692570791353,20.001136237677727,True
9.0,8.0,0.3868880625218115,True,21.036350108347545,19.059102760469575,False
7.0,5.0,0.07821648906028562,False,16.57665299941794,12.910630234555025,False
10.0,13.0,0.088643963954291,False,14.06059948612317,10.521162238591732,False
11.0,12.0,0.3455020960555189,False,129.0182333861162,79.04816626887798,False
5.0,8.0,0.1717051787730652,False,83.78613228972722,15.1397146766882,True
11.0,7.0,0.458700299845497,True,15.337092611568712,14.142601907066874,False
4.0,3.0,0.31276410796549686,True,11.470234195217284,9.87732413274517,False
4.0,1.0,0.15868751942162457,False,22.651154829661913,18.1141413157766,False
2.0,13.0,0.24872281477773406,False,51.008412161560024,22.313867466854077,True
7.0,0.0,0.45585012020898547,False,776.8170850149335,83.81009191449148,True
9.0,3.0,0.24415301664300276,False,627.0564691949522,81.52723345879741,True
16.0,15.0,0.48898004150493485,False,22.101678941293372,14.92422803365391,False
5.0,10.0,0.1054125816518339,False,87.56809345435057,23.616662596745055,True
8.0,12.0,0.19095936333398122,False,90.48136321237361,23.367011012828968,False
8.0,3.0,0.43679019064214064,False,292.6320060142509,21.465362737760792,False
4.0,6.0,0.31196186968112544,False,143.03003395334764,20.319826581590778,True
6.0,9.0,0.10889271523029492,False,70.06204339071014,15.60263360647637,True
1.0,3.0,0.4434126316015398,False,655.0646047367347,22.206452975100508,True
1.0,7.0,0.3345051124045703,False,828.3275657390591,59.69283216100255,True
6.0,1.0,0.40735628990099204,False,1406.2078564209667,127.39900905647274,False
4.0,15.0,0.37542057649650523,False,285.72393738484084,75.56030045034822,False
7.0,5.0,0.061938663405027336,False,24.498308222149134,19.624973774749762,True
3.0,4.0,0.3244972408746727,True,20.830608393690056,18.712829424688188,False
7.0,1.0,0.31221229021269303,False,937.4856702102542,74.6496572364594,False
0.0,1.0,0.4059283817144489,True,18.890406818863074,16.05370990586782,False
1.0,5.0,0.4145631865910512,False,242.4676230580747,23.744455699525535,True
0.0,8.0,0.49556914029580085,False,1053.8972419428594,49.38156907088377,False
2.0,11.0,0.4854520231650942,False,347.7977796741977,59.184794737779974,True
9.0,2.0,0.4679780273841431,False,443.6124374270412,81.22180378657448,True
2.0,4.0,0.30423767640050886,False,163.9058892133084,17.150078648637244,False
5.0,3.0,0.29787581502138577,False,650.1283587108859,38.555431502396985,True
6.0,8.0,0.18833046225227473,False,202.37293226383187,23.745853373630453,True
5.0,8.0,0.2768471605383716,False,71.50145052862192,19.590530172157216,False
2.0,4.0,0.2846686626374491,False,29.39518697902599,18.695532630063017,False
6.0,8.0,0.23159511117832898,False,263.75163622807764,36.753283526341775,True
6.0,3.0,0.07499801499453762,False,107.33451509756154,24.077729071371778,True
5.0,4.0,0.48255502200807127,False,692.7496689555636,43.233440862864356,True
7.0,6.0,0.26658375077482777,False,17.656009176548082,14.37901824209403,False
11.0,13.0,0.4450292429573682,False,806.4537288132985,116.52170553668653,True
0.0,1.0,0.27732277544449413,True,16.771992981477055,14.21208406457817,False
3.0,1.0,0.1665174071395126,False,199.0568608611461,30.788356352998008,False
0.0,4.0,0.36653901251679666,False,403.0197678798613,33.47529458671757,True
7.0,3.0,0.4820930803688513,False,1171.4442966365389,75.31967390266044,True
11.0,9.0,0.14539984557884408,False,32.48266559468684,16.76750450117591,False
3.0,11.0,0.1820310540121266,False,316.28587211821366,31.709741523529257,False
11.0,4.0,0.31808808789235193,False,294.8510138829632,39.91391394200665,False
10.0,7.0,0.45546955696786934,False,399.98551617547264,30.530136632871713,False
9.0,0.0,0.1023497730104126,False,138.66728237585306,26.89527324869702,False
7.0,12.0,0.1219814733370566,False,105.20872888760894,18.759602151300992,True
5.0,7.0,0.22107292636956039,False,40.39808950649797,11.481524431172016,True
15.0,10.0,0.18070938557906707,False,49.59462259016817,16.141927781845123,True
11.0,7.0,0.442954962175104,True,12.721878473175515,11.549543957381571,False
12.0,15.0,0.3901186282475414,False,89.0832119123943,33.46007134674823,False
1.0,6.0,0.10439414862535736,False,218.1411570914222,29.97037903090598,False
4.0,10.0,0.13706879759148016,False,28.714595258338804,13.475883370022155,True
13.0,11.0,0.33271869782748903,False,177.45392807832073,26.548131755800853,False
10.0,4.0,0.1345383040438831,False,56.450983283206135,20.38081763538282,False
4.0,8.0,0.3310978351959501,False,273.7031156011862,38.187126340237434,True
16.0,14.0,0.26439460642182905,False,18.248317679386496,15.313900585879587,False
0.0,9.0,0.49543858644690775,False,318.82766629051883,13.1243261412403,False
10.0,2.0,0.2191558307645451,True,15.935265748726394,13.275985740485941,False
2.0,4.0,0.4812033905834952,False,62.308124498241824,14.433861648597258,False
7.0,4.0,0.310573044403556,False,100.43018391917842,14.078362151853723,True
10.0,2.0,0.25246593830532793,True,16.10901186012531,11.617379132019789,False
5.0,6.0,0.1980856216733331,True,17.565814826464262,15.228729733205805,False
8.0,5.0,0.39347569504277075,False,438.5697245137349,37.10288451727898,False
15.0,12.0,0.25156233761135394,False,30.885111909599924,12.808613825438783,False
2.0,3.0,0.49881076301679345,False,115.36898461487306,35.871384641824086,False
10.0,2.0,0.4040094880143152,True,18.136947064822106,15.313384681973377,False
8.0,11.0,0.19891810565292184,False,61.73188434847637,19.77783731160626,False
1.0,5.0,0.49776731744106634,False,819.0175286542941,96.61788404098169,False
7.0,0.0,0.062408233033803356,False,103.15438138966584,33.66896132464151,False
9.0,6.0,0.09344846117794894,False,49.95245897902237,15.876768843337636,False
3.0,11.0,0.35667999657671273,False,400.743756369014,57.45039754961272,False
5.0,0.0,0.06382364510642147,False,28.007000498627914,20.186556789666664,False
14.0,15.0,0.35968239628782345,True,25.70408734187646,18.73017723164656,False
15.0,2.0,0.2428205447035537,False,107.74269356348562,17.27681245274965,False
1.0,3.0,0.23284836076299514,False,282.1094685046636,27.697223451120216,True
15.0,16.0,0.43922461459311585,False,20.912304694893646,17.50885503299378,False
7.0,5.0,0.1513085567119226,False,11.851096661059891,11.177892197078059,False
9.0,2.0,0.16778836879003417,False,262.19785287013764,42.572055508873405,False
12.0,15.0,0.2995611497972278,False,56.38608953571811,19.364583614694585,True
10.0,5.0,0.18925518135609803,False,150.45115077118285,33.93894253264651,False
8.0,5.0,0.38217909153145585,False,274.1883301973529,30.043815614534687,True
10.0,11.0,0.4947903949795901,False,318.3455751479674,40.11061845768842,False
2.0,6.0,0.35621017412297507,False,516.2369281332421,36.22865884561157,False
8.0,4.0,0.43927574577635664,False,380.85860732659006,29.095435433540647,True
2.0,5.0,0.3852955458313394,False,1772.0589395945485,86.06012556348578,False
0.0,2.0,0.2526200633983206,False,36.814376417545006,34.081531932685536,False
6.0,2.0,0.2634420416856072,False,992.9859387671219,63.532275226187004,True
3.0,4.0,0.15605322417560316,True,18.02838545957238,15.200698835875272,False
15.0,12.0,0.29521459312690757,False,81.36434616845777,26.595431311536487,True
8.0,5.0,0.15594494900953054,False,92.5605290944202,14.480002353831132,False
8.0,10.0,0.19757917896499194,False,366.7863700989653,66.01704629518822,True
4.0,5.0,0.26056725890555804,False,175.3743013364658,22.36029332022599,True
5.0,9.0,0.06322388548206836,False,30.571041316979823,25.396505532923065,False
2.0,8.0,0.3655920390888045,False,350.20299700371334,40.95627635223234,True
12.0,4.0,0.31762504923463913,False,17.343519685393566,10.660621227683139,False
11.0,15.0,0.35996871118950974,False,57.79165740109391,18.263129924926307,True
13.0,9.0,0.20399350453191273,False,49.00255809856588,17.880801490844632,True
4.0,6.0,0.2530271352603872,False,689.0864351874797,56.03880922724334,False
14.0,12.0,0.27806834152723703,False,49.01920094720593,18.824524738947808,False
8.0,11.0,0.3009309553364586,False,94.360466569231,19.40649916168853,False
11.0,4.0,0.46660094685226783,False,423.32588793162415,254.90331721439324,False
7.0,5.0,0.0887233761921079,False,24.244100442816336,19.364798969063305,True
17.0,12.0,0.07280141467429041,False,23.682792655197918,18.904848418988127,False
7.0,13.0,0.4872421536404652,False,72.09385459732835,18.451641520912357,False
7.0,4.0,0.24846915020409988,False,485.9413062919701,34.793374275135086,True
5.0,2.0,0.11980751143515217,False,159.6869689786988,34.7535764017602,True
7.0,4.0,0.19634674171888628,False,237.05831219004398,22.175877252744556,True
3.0,1.0,0.16973295165426971,False,63.59962283534918,14.52390339203502,True
1.0,7.0,0.21152577382880894,False,109.95606299063725,14.070729765081738,True
9.0,12.0,0.425663642205545,False,526.0930167387718,39.905378812512986,True
9.0,10.0,0.40406092933262855,False,544.1134113736412,131.56138381358875,True
4.0,10.0,0.32761973064608485,False,107.8732337341342,19.129061100340603,False
2.0,10.0,0.29961402151656374,True,15.464030988716214,12.93615295057695,False
13.0,7.0,0.08108999454631899,False,16.202002268961824,13.067748436510294,False
13.0,10.0,0.24433863047719506,False,19.530754150130146,14.353477338474548,True
3.0,8.0,0.2575986566556809,False,224.14354607535333,29.06462891251771,True
5.0,6.0,0.1883976858320403,True,12.983611098082928,10.871417147552144,False
5.0,0.0,0.0837440491782053,False,111.71011788166143,18.888078536340686,False
0.0,1.0,0.18349956500215292,True,14.928848671356748,12.727177439458762,False
3.0,1.0,0.29253969864920887,False,49.54913308292719,16.040785675696284,True
3.0,10.0,0.10137352710120387,False,25.59363373580005,20.539485728393007,False
3.0,2.0,0.054927511831444585,False,24.309365234061797,18.19169541982672,True
8.0,3.0,0.4730376379184296,False,405.3372285808451,24.875603961001225,False
9.0,8.0,0.09105764755487122,True,15.905087902652555,13.251005922125893,False
3.0,5.0,0.4653605970433356,False,586.7303536419166,29.074632458624322,False
11.0,7.0,0.4019407050538706,True,19.1995056256081,13.41761063118405,False
16.0,17.0,0.33029342513177185,True,12.792937149329767,11.24508907476474,False
0.0,11.0,0.14499880372862062,False,280.41874338405495,46.19576265963784,False
7.0,8.0,0.3836132052902355,False,113.18256747903416,41.99065842502086,False
11.0,15.0,0.14583278671306416,False,24.408018485392695,13.937921757231235,True
6.0,8.0,0.43538447710624795,False,471.62344005958533,24.320109708557023,False
15.0,12.0,0.06901434427680044,False,17.19825323013306,14.772187762709649,False
1.0,5.0,0.43414184483719365,False,339.4558493243103,14.555040018927146,True
5.0,4.0,0.2540080137247304,False,727.9362781540149,44.598802894642986,True
9.0,8.0,0.1305661923074643,True,27.37426664822556,21.48100957591057,False
3.0,4.0,0.3741771975408339,True,20.831671902126633,16.053627045134142,False
9.0,8.0,0.0726818385982505,True,20.879527779943658,17.2632648249763,False
11.0,2.0,0.39021319368097224,False,431.49039275120344,260.98830081256915,False
6.0,5.0,0.19837222077776068,True,18.17632206639203,13.938373412725806,False
9.0,13.0,0.3979443337617097,False,304.75739477946314,62.32288878789574,False
8.0,3.0,0.1424268347851395,False,202.66251148549725,35.99915563856673,True
3.0,5.0,0.08123315501038056,False,140.60994216100318,23.92401431090054,False
3.0,7.0,0.4328957384158064,False,505.3627963865025,89.6504188617022,True
14.0,9.0,0.3874904990428846,False,19.79517299907488,12.319549927557501,False
9.0,2.0,0.2810316796108291,False,580.3877304514098,58.85002637363291,True
14.0,16.0,0.37945122912822754,False,21.507937401109594,14.909129902317945,False
15.0,14.0,0.3452121734027658,True,17.77436418933566,14.223570156352462,False
9.0,2.0,0.40649103508659157,False,496.0549976333937,155.36109893443427,True
1.0,8.0,0.4748641730518965,False,999.4681182658669,27.167415130682638,True
5.0,4.0,0.18275613973832872,False,702.8300379355848,50.588766067572635,True
13.0,11.0,0.22937492892366662,False,110.0883281903057,20.780820425892973,True
2.0,15.0,0.15102796098308424,False,41.15508693694127,15.935320906025897,True
10.0,5.0,0.08101154861654182,False,38.22029484326993,12.267513436078394,True
6.0,0.0,0.2638627301194092,False,477.6625916681524,37.54943484572243,False
12.0,11.0,0.4159442804897711,False,196.85893958502754,63.537467609182066,False
7.0,15.0,0.24084613488024448,False,135.75790495511265,12.362435150350908,True
5.0,7.0,0.38259806723800344,False,190.02184240577992,13.467918434459792,True
5.0,2.0,0.4887689575735231,False,673.4722051264122,158.51393488042228,True
5.0,0.0,0.35632156935704495,False,404.05938216119665,23.172325748414174,True
15.0,4.0,0.19785033077429387,False,27.423773504223483,16.042388813566514,False
7.0,5.0,0.25170487109606926,False,22.532751496934804,16.662925420599404,False
2.0,5.0,0.29192575256387227,False,872.7994571499652,65.87475187010193,False
7.0,3.0,0.16077826308708867,False,160.74912476584373,17.326030727690632,True
9.0,4.0,0.1265877327720873,False,40.00206997746301,13.853975624272326,True
8.0,4.0,0.2020004909675573,False,160.02865620583304,17.828578532207835,True
2.0,13.0,0.34740763095816835,False,325.4959501917758,18.45084088118841,True
2.0,0.0,0.31301793556209506,False,70.29298465683799,18.16501564681317,True
5.0,0.0,0.236114831875479,False,997.7789762322868,50.4030047602833,True
11.0,4.0,0.055919956366650536,False,20.607414792789434,17.0884268853994,False
2.0,3.0,0.22432768056797853,False,136.98082307033275,20.36050708501255,False
7.0,2.0,0.3357660419462564,False,217.01890210946678,16.84632199895346,True
5.0,3.0,0.22405193265174317,False,318.35517279523395,26.34447074641357,True
1.0,8.0,0.27794537866764196,False,387.61446189730435,82.23548611645258,True
8.0,5.0,0.2557059803967213,False,90.99561807971745,19.48334291603985,True
3.0,11.0,0.22270848863895748,False,61.00045318177949,38.458853316005246,False
11.0,4.0,0.12015977036153297,False,129.28999822640404,23.190823218614124,True
1.0,3.0,0.4087463335705314,False,606.9641900448572,46.541878171144724,False
4.0,6.0,0.4767771293257048,False,1132.5437161277337,47.87800146357214,False
2.0,15.0,0.25918541037529763,False,406.1097878930793,75.86266657938829,True
0.0,2.0,0.09755943205366262,False,22.20396142091772,19.9345456801664,False
12.0,11.0,0.062114157078789305,False,29.83689553521757,22.62844589931905,False
14.0,2.0,0.4733708596150043,False,240.05640244715218,69.39251202433944,False
3.0,14.0,0.4417270747566806,False,291.86344902448195,43.83195426361435,True
0.0,4.0,0.2791518645975432,False,75.32504339314309,37.7294233640875,False
12.0,11.0,0.14819921523541518,False,41.19164059276927,24.462055343090807,True
5.0,7.0,0.12720696898126907,False,21.263059393963275,16.741589245550475,False
13.0,17.0,0.10606090259193325,False,27.762274887798306,20.60112840184295,False
8.0,1.0,0.17166299544682107,False,225.75378707778356,31.47209671915743,False
3.0,11.0,0.4656343435388908,False,632.5751341139112,21.06040277911302,True
0.0,2.0,0.23920599942257303,False,41.55902397858837,20.546736724145962,False
2.0,0.0,0.2648772154229117,False,20.123909524429678,16.302753697880462,False
1.0,3.0,0.10970229448097729,False,54.27182399026451,28.73487548318448,False
12.0,13.0,0.2957419143406632,True,20.765992708352446,17.948955202268728,False
7.0,9.0,0.34465957638756295,False,130.53026006892082,20.39920481152817,False
1.0,9.0,0.1715965665436336,False,242.36883954713772,29.983411340968672,True
12.0,13.0,0.35675320207304456,True,23.6690367315666,17.718912019969004,False
10.0,9.0,0.3348191584424288,False,744.9751283823368,49.95018720918508,True
9.0,11.0,0.17975911261141359,False,33.702120822608485,10.247131776682176,True
11.0,0.0,0.25067941954277406,False,364.5157376897284,29.244560138178993,False
15.0,3.0,0.4155208489500136,False,581.2798600836242,52.70601153575613,False
1.0,3.0,0.4554481056456845,False,270.36317074924517,19.18382870378978,False
15.0,12.0,0.4032269094922474,False,75.9381891355892,32.40857430985536,False
9.0,13.0,0.47445953465940854,False,255.4608088928279,21.450080778885916,False
3.0,0.0,0.30516669601681823,False,387.46166362479136,39.83656475966489,True
12.0,9.0,0.32879075291259413,False,104.26793723291345,64.94789978221283,False
2.0,8.0,0.29585705493687947,False,401.4915476378789,22.709262384666793,True
13.0,2.0,0.38233440917551786,False,19.312724828516668,12.342752571979512,False
9.0,3.0,0.4819201228765766,False,668.8163976467105,39.953228139442004,True
14.0,13.0,0.08264474071189565,False,13.666511558621226,11.113064866707328,False
2.0,5.0,0.44647431562992423,False,568.829934692803,62.03494213169501,False
5.0,3.0,0.24574595102175478,False,283.5214340609696,19.3724857643635,True
2.0,10.0,0.20650167760517946,True,19.564390375526536,17.428837447268155,False
1.0,2.0,0.2575128426553736,False,68.88672122981009,23.039798809336254,False
11.0,4.0,0.15206167764871137,False,194.6732446421824,37.381554823884706,False
8.0,3.0,0.15755643330267083,False,188.3147033155519,22.57834730377069,False
9.0,8.0,0.31212967567414723,True,17.623257722707887,11.550257856055378,False
1.0,4.0,0.2578505241847503,False,153.63148584853795,20.01589750188487,True
1.0,5.0,0.31632636658749247,False,496.0398650067569,40.97869267493734,False
1.0,8.0,0.22749936858971526,False,182.87070758056646,21.440202965487604,True
2.0,13.0,0.16003521029496093,False,35.45358229505016,17.811119397774235,True
17.0,16.0,0.18068925502213828,True,15.32825489507371,13.810695861000587,False
15.0,16.0,0.0905290305276209,False,27.475397097429976,23.924279344902423,False
7.0,9.0,0.12837108249901125,False,33.20774271047527,16.986396731202056,True
10.0,3.0,0.49487274740217463,False,81.1737734887818,39.04762254873499,False
8.0,5.0,0.21384601307590573,False,256.5731419433924,19.933059399848737,False
5.0,8.0,0.21779538707957363,False,320.15016464545494,22.02548340517254,False
12.0,11.0,0.28284386286684965,False,97.09887467806892,45.62664975059894,False
2.0,0.0,0.08373944759911318,False,22.282748202088037,13.947164337320837,False
14.0,15.0,0.39657234590641294,True,13.850698378066168,10.45622947791684,False
9.0,8.0,0.36058940102492526,True,13.418266512495814,12.20181361068707,False
2.0,1.0,0.20561094329730772,False,20.682311016125396,18.128760198321487,False
13.0,14.0,0.454151018442012,False,57.90695761264269,11.08842411826024,False
1.0,0.0,0.44350244064122935,True,15.175575691730911,11.521910390362189,False
7.0,0.0,0.304459273160441,False,705.9331117004583,57.423247891415116,False
7.0,0.0,0.3965680967554144,False,476.44573992528336,25.84771985132665,True
9.0,11.0,0.10044665338664649,False,28.594911188185165,17.673497743878965,False
7.0,15.0,0.1054628266807332,False,18.307583359089094,14.025381805269664,False
2.0,9.0,0.33649578540839936,False,501.21664657447116,22.329292263965485,False
0.0,8.0,0.4083997717523943,False,547.503384810271,28.401257625558987,True
9.0,2.0,0.25531021348282334,False,184.41680774659434,25.167612149156554,False
6.0,8.0,0.32242504885917517,False,342.31098904546093,26.91085302111591,True
2.0,3.0,0.11619499283638786,False,28.150709535652425,15.275151097449605,True
3.0,5.0,0.20725943971381017,False,177.22797938101488,21.68919765712802,True
9.0,10.0,0.3601108590136495,False,218.0377324579389,23.407008582974058,False
7.0,10.0,0.12223697476453035,False,132.9033930645606,17.157000586034087,False
9.0,13.0,0.25469155848670827,False,351.2916251738368,28.426563189662776,False
8.0,4.0,0.2513312155176686,False,519.1698078225176,53.832611065326056,True
8.0,0.0,0.44890449338780625,False,1193.2995575908217,37.53894851659125,True
11.0,4.0,0.42981170376160066,False,528.1719179855089,39.8892108244679,True
16.0,14.0,0.4326731757694177,False,17.89860887328423,14.789235837539522,False
3.0,0.0,0.4768849118978937,False,73.66630693847772,15.683967437976346,False
9.0,2.0,0.23533454495057943,False,142.0454338893829,15.341792687034289,True
8.0,0.0,0.3524234667807845,False,552.8176233982016,44.51468538752919,False
15.0,7.0,0.07773553743070724,False,13.859266691497108,12.094298539107532,False
13.0,12.0,0.11967003478292339,True,27.227003731215536,21.11002090514542,False
7.0,9.0,0.16404506448869427,False,22.10887926570596,13.238275151888766,False
15.0,13.0,0.4361799477777093,False,69.54898032076831,20.19286638273975,True
11.0,7.0,0.3688926122085628,True,16.85915464246782,13.73733114498572,False
2.0,3.0,0.060863987408755385,False,15.78528241527563,14.246382076216733,True
5.0,6.0,0.3314589893782854,True,20.728983663202413,17.508755296339924,False
1.0,6.0,0.38784278932202637,False,422.95433794284565,54.516326426080695,False
2.0,3.0,0.06630501115592169,False,47.02744157757625,17.624491040906168,True
1.0,11.0,0.10596909061388077,False,188.32849104982955,17.468912095423903,True
7.0,0.0,0.11979713701630662,False,369.13096939917307,30.567757732869957,False
0.0,9.0,0.19858584976476967,False,358.8353521459608,22.3323622306201,False
9.0,7.0,0.36654879541134333,False,89.3060054246005,17.301502095300496,False
10.0,11.0,0.1606078826569072,False,232.15083747468344,51.57918007705704,False
0.0,5.0,0.3159728481732171,False,304.69819527853895,17.19754476346228,True
3.0,11.0,0.4621155206472575,False,113.68686575604187,23.448815789327174,True
7.0,12.0,0.2403911263688372,False,258.7372593951176,20.0630444245737,False
2.0,8.0,0.3318215163738875,False,936.2398903847098,77.64816259267108,False
0.0,4.0,0.1905893050720634,False,233.20723759639762,18.87694423768148,True
5.0,9.0,0.2624141567084994,False,308.4497737766579,24.927533109629223,True
15.0,14.0,0.1382225968697488,True,20.1090709200253,13.92594485513256,False
1.0,6.0,0.12021356196713398,False,158.4765344716482,21.634955788142598,True
6.0,1.0,0.2816980836238318,False,1309.1718274497482,34.28335241357176,False
16.0,14.0,0.2414333074063707,False,21.405859207457787,18.9989374736376,False
11.0,7.0,0.23698279884736234,True,11.941551816651376,10.178988283529836,False
2.0,10.0,0.48099978878191285,True,18.05430132022508,12.546867702461068,False
6.0,10.0,0.15393297559157887,False,376.0720761524753,63.76136696141671,False
7.0,11.0,0.3362017379459263,True,19.07313222307789,14.220429442490525,False
9.0,8.0,0.40247755662829854,True,20.317510293059808,17.769010494203673,False
8.0,5.0,0.4229934009368517,False,450.66708958025896,33.61467418976965,False
11.0,7.0,0.307144118986306,True,14.006542617627659,11.96196008065208,False
3.0,8.0,0.480532103031541,False,650.4480311441788,35.55606928171751,False
0.0,6.0,0.34211889011974805,False,1371.1926081737784,78.70921786510947,True
0.0,4.0,0.3296242829439808,False,652.6663829205689,46.46816252467878,True
12.0,11.0,0.4752674646540234,False,70.46515062473215,18.513311457065882,False
3.0,12.0,0.2547128864065454,False,38.21054434029855,15.872476784712799,False
14.0,12.0,0.46987653384662054,False,94.68553637041562,20.205852876318875,False
7.0,13.0,0.41636254245973364,False,544.7150322262912,112.80474609960945,True
8.0,2.0,0.058534740277662874,False,106.10124766176152,21.08787850974904,True
4.0,10.0,0.0894281994694705,False,46.98215478046413,18.181458102435084,True
8.0,11.0,0.336204914798409,False,68.01661811520107,22.10536505204196,False
13.0,10.0,0.1363009263374025,False,17.61410643617566,15.30263576635695,False
4.0,1.0,0.4534073759289832,False,170.51278742325286,14.419658954438452,True
7.0,5.0,0.16691664396951172,False,17.19728310772994,14.360703156402613,False
15.0,13.0,0.3426779333698801,False,25.713794329613147,14.155376098319643,False
9.0,0.0,0.12714957275819924,False,79.65657562270886,19.591027497556667,False
7.0,9.0,0.288360591632866,False,172.77297067107867,15.076926309509245,True
8.0,7.0,0.1298435365818538,False,36.95981679253692,23.970020882639066,True
10.0,7.0,0.37553626895153525,False,449.0280907979723,42.77719063264541,False
7.0,11.0,0.4432192663338622,True,17.615264111001604,14.426595687388563,False
2.0,11.0,0.10664646688733899,False,221.86673440556137,53.774534918712035,False
7.0,11.0,0.46645677659071116,True,17.609786072290166,13.711577245641271,False
11.0,10.0,0.2530682151601446,False,246.04282888320924,23.432463748875392,True
4.0,3.0,0.05040024316925106,True,29.204055686366267,20.730861444270527,False
8.0,3.0,0.10077108685923789,False,95.52879996271463,22.64224740451555,True
5.0,9.0,0.4243419565603691,False,413.5650690266433,54.89965796043049,True
6.0,5.0,0.47174622203129374,True,16.496104348548702,14.908781205832446,False
1.0,7.0,0.3786226504840794,False,657.4105108972431,23.14469716966966,True
14.0,2.0,0.4360776448607759,False,61.2603291434754,21.32245459809328,False
16.0,17.0,0.2827915751118163,True,11.370191600124603,8.664488555891587,False
14.0,12.0,0.392805065851842,False,41.4695119868859,15.15620612384318,False
7.0,15.0,0.15828938116050825,False,18.19022244311654,15.088383185698634,False
3.0,9.0,0.4336479096195331,False,355.457064096261,32.7171482106072,True
3.0,8.0,0.38742259342161034,False,792.2918874798306,91.80898311237743,True
4.0,10.0,0.14867326353583904,False,42.17350297934175,12.513445365098912,True
13.0,9.0,0.0659106978364501,False,21.619036352756353,12.988042117890682,False
6.0,7.0,0.41036806774348944,False,57.8337343622787,21.507663209393417,False
4.0,8.0,0.41201947557899615,False,1043.5846958759116,114.60678548590089,True
7.0,3.0,0.2512627081301787,False,299.00467924140474,40.05628414876925,False
5.0,2.0,0.0690053693032899,False,191.86105880297,38.84368216029845,True
3.0,11.0,0.1295445638381581,False,213.85132182128288,49.474812468388244,False
7.0,9.0,0.38821910983555635,False,81.13997114868899,15.32022364857472,True
6.0,7.0,0.4905305927556353,False,46.23930041283327,18.269925267182842,False
15.0,13.0,0.32027842211647806,False,57.07033242339607,16.629280922396564,False
2.0,9.0,0.2368088301513503,False,412.7871477354391,122.76812955766962,False
8.0,4.0,0.30286752108210147,False,299.3998270272649,37.921126697468026,False
2.0,9.0,0.2038650201829761,False,663.7113039280069,97.15786107035603,True
0.0,4.0,0.07500058529146252,False,54.15001659065317,14.793122929005545,True
11.0,12.0,0.30985390518429634,False,43.812628992774854,18.660963015131085,False
12.0,15.0,0.42206564355090914,False,122.50123734421707,35.82272756296754,True
9.0,1.0,0.1250030249625787,False,112.17433592744146,21.021841967169195,True
2.0,10.0,0.4268671449679002,True,13.003983600802579,10.836281703308371,False
11.0,15.0,0.15857359816045177,False,42.72770953848885,15.484214533733633,False
7.0,8.0,0.14217672808818224,False,93.7616789729971,15.94974503967148,False
0.0,2.0,0.3966238305554844,False,43.14442623284501,16.448911737187032,True
12.0,15.0,0.20131474359758578,False,72.35473755310336,19.9531135746758,False
8.0,2.0,0.0957465974473789,False,152.53837821481136,36.90322846265531,False
10.0,2.0,0.15460316451580053,True,15.318660217003403,13.100458443557873,False
16.0,17.0,0.3966825470366363,True,22.914620543233543,17.766861708554163,False
8.0,11.0,0.35893432714864776,False,193.77647983150652,20.735485192240006,True
2.0,7.0,0.44280104893115785,False,968.9014169736683,108.183363258817,True
3.0,11.0,0.12728072314100392,False,28.08697821612426,13.636236106764839,False
14.0,15.0,0.16615869537430752,True,22.703328201637426,19.33958137672154,False
10.0,13.0,0.25742785973497473,False,87.90319279689969,21.695498118806903,True
4.0,0.0,0.0662769042501839,False,19.758377432563265,7.062647094357075,False
7.0,3.0,0.23107422760640123,False,117.49513110517583,15.265919012126256,True
14.0,13.0,0.4670636579535928,False,23.832093677484238,16.53243039712684,False
11.0,2.0,0.4075109267133804,False,597.537394687337,44.19836006874357,False
0.0,1.0,0.07933561657037169,True,21.10847664015522,15.042714198644143,False
8.0,9.0,0.4645812055753825,True,23.351574132015944,14.102074088501999,False
7.0,8.0,0.48547559914753974,False,97.49464508826162,12.591850609732425,False
3.0,0.0,0.07143513108659268,False,41.621968603376516,27.655388426248035,False
4.0,2.0,0.21825751169190483,False,147.82764886010048,19.32842287562023,True
7.0,3.0,0.44287664066093285,False,343.0067446757913,68.65503909991459,True
11.0,0.0,0.3688100264833866,False,682.9943846074401,52.79456946582922,False
2.0,11.0,0.27533424304383114,False,290.2145145109868,105.99809016036086,False
7.0,1.0,0.3960304538637177,False,1245.4777097395151,93.95252245631163,True
1.0,3.0,0.11643019668543879,False,46.31195618333709,20.881550813804708,False
14.0,16.0,0.14759091514895117,False,19.16509847419738,16.888905388949446,False
10.0,15.0,0.08561406976479094,False,25.09604637418538,11.733304209379261,False
9.0,1.0,0.13089722082883162,False,183.00621629428326,29.611683220611702,False
8.0,4.0,0.420018859601227,False,96.42504929165759,20.656623498034225,True
15.0,10.0,0.2489152460424262,False,161.2574174734871,98.99747929200177,False
8.0,2.0,0.26829827128057054,False,165.9145209886454,24.254149442570327,True
10.0,3.0,0.19258745626448587,False,132.66329792865355,21.822040716915417,False
1.0,9.0,0.09920075800290093,False,196.2004649009677,34.982429787296695,True
8.0,4.0,0.13871388126706002,False,44.487946351094145,17.225386813523716,True
10.0,8.0,0.14799698143149023,False,237.79214753399677,22.782174927815852,False
17.0,13.0,0.21124089283784275,False,27.31822055688601,12.61128367753465,False
15.0,12.0,0.4493058261937982,False,37.63165873996953,14.761596828512053,False
8.0,3.0,0.17207422866344008,False,149.19314717178148,20.45482009163276,False
7.0,5.0,0.24657568510466155,False,25.300622535676403,19.474473657201308,True
1.0,3.0,0.29384443575009994,False,223.11329350569756,21.165485006148998,True
1.0,9.0,0.09399657670748232,False,71.25969538522705,17.323019401763677,True
8.0,0.0,0.06222930040739709,False,29.170303644157396,13.030757933230477,False
11.0,15.0,0.33435400759853834,False,16.136311434048547,11.663582424606577,False
14.0,2.0,0.4468170984877377,False,238.6177372452692,30.03780918576937,True
10.0,3.0,0.23633747559235418,False,66.72189302825292,16.91429538069255,True
11.0,3.0,0.3718945317739109,False,305.2178614434193,181.2336065167513,False
2.0,9.0,0.46356566010732525,False,425.66829850635503,19.09272218477985,True
5.0,1.0,0.2764767077531644,False,314.97906384476624,18.10376285794392,True
2.0,7.0,0.39185110189715944,False,514.4378858657565,59.67549550368086,False
2.0,9.0,0.4232452421017722,False,455.5499372061059,35.6949247216894,True
14.0,10.0,0.17277829009165604,False,63.338892237840724,17.420366913300207,True
17.0,16.0,0.30369451579728807,True,17.851154007447022,13.186014825804929,False
2.0,6.0,0.29669648843757557,False,348.18586047416954,31.719971385871887,False
4.0,3.0,0.2436057807206447,True,17.129863998003003,15.777472073038076,False
12.0,14.0,0.18498210827176703,False,23.134386091695674,13.213617919240479,False
8.0,7.0,0.3221358234733038,False,143.10219571237815,18.458095093460145,True
10.0,7.0,0.08029093252835148,False,84.51093994330054,19.413515511704308,False
8.0,5.0,0.19427040322161143,False,80.28673658897262,15.840135516129026,True
1.0,6.0,0.197803776335698,False,678.372167572356,30.282635781067803,False
1.0,3.0,0.29476125862520475,False,341.4735215930913,20.54063636553734,True
9.0,8.0,0.45192122922216565,True,16.57690628250157,13.348222915714238,False
1.0,8.0,0.483465503639541,False,1442.3030747614525,36.19520120410505,True
10.0,7.0,0.28444110653834703,False,293.6145646383745,31.479230495550503,True
8.0,5.0,0.2645574218801068,False,74.85867425035627,14.898974920750137,True
7.0,9.0,0.40038434273453527,False,142.40437409020555,18.28872201174801,True
11.0,10.0,0.3279279907104469,False,1354.784700900446,146.66414719614878,False
5.0,9.0,0.12559340482560655,False,80.25314931267695,26.577845433388156,True
14.0,12.0,0.22539288630323429,False,44.851990774532204,26.041496879465516,False
0.0,6.0,0.4445570610975723,False,485.8169375711706,34.9281528633039,False
9.0,1.0,0.18272824948733207,False,233.13531201157426,22.904812687424744,True
15.0,11.0,0.41108481579973377,False,79.83419469752451,19.34903894385515,False
4.0,5.0,0.07397752525148586,False,86.93529927503894,24.748595863868875,False
15.0,13.0,0.13181923951757923,False,55.216012091014875,12.372252325500837,True
13.0,15.0,0.10582957681693496,False,23.203831992091764,17.148467503968256,False
11.0,8.0,0.4615853226062493,False,230.316132139472,24.069374780366932,False
13.0,17.0,0.45720844361690116,False,24.37064189267757,13.824593770573916,False
0.0,1.0,0.37601226162189294,True,24.864627514512037,20.745826016457464,False
5.0,8.0,0.4851411674800783,False,431.82467299113733,23.521475955927794,False
7.0,4.0,0.08154302296692233,False,72.76270265464892,23.214113540923563,False
7.0,5.0,0.30327238940654344,False,19.741061013369244,12.600503591438363,False
9.0,7.0,0.227136004679945,False,229.46004516773482,24.879784392582334,True
0.0,6.0,0.11794617909586642,False,540.4756923167738,48.78625416816622,False
11.0,0.0,0.36516961049782665,False,1067.9732994892668,121.9024461867746,False
4.0,6.0,0.08340584053683045,False,233.04940019322214,39.84041420877572,True
6.0,0.0,0.3317396277401736,False,241.59090561165402,18.42642440732954,False
13.0,11.0,0.10285067705129089,False,54.94449109691249,14.748715709510247,False
1.0,7.0,0.4785580269997196,False,443.4750768742077,28.43910263116663,True
3.0,1.0,0.08552898033480372,False,55.22098780204824,18.75362931530684,False
8.0,10.0,0.14531572000402215,False,32.68803120139005,17.686617538270664,False
3.0,12.0,0.4166660345779391,False,215.60996862094788,24.200195795336946,True
9.0,0.0,0.3018373134991055,False,661.8886830738845,83.55577842328083,True
9.0,4.0,0.34402790672120587,False,347.8803007263664,28.66664363470837,True
2.0,8.0,0.3701594769065011,False,206.33641657733833,27.82906617029546,True
10.0,11.0,0.12185147382651122,False,73.39420641357667,34.510777001106696,False
13.0,10.0,0.3727774008656981,False,14.381136587293588,10.181302369488769,False
7.0,11.0,0.3994712293695203,True,23.462778809553818,18.366019177268704,False
16.0,14.0,0.3005707275695279,False,20.964193455378666,17.89201285404328,False
2.0,15.0,0.27344363457619936,False,193.22645035060077,31.89783494545192,False
15.0,10.0,0.4767954466542585,False,99.86210002261491,11.976466304114734,False
5.0,2.0,0.36731519116832556,False,1343.4749516008794,103.58953979652085,True
6.0,5.0,0.3295487073334468,True,16.246072267501557,13.081059600046038,False
17.0,16.0,0.16930997856286367,True,22.336856456179838,13.7745140850216,False
0.0,4.0,0.0965744406281818,False,17.77216155248676,15.693742400216664,False
1.0,4.0,0.1845778662265382,False,167.61230871857538,23.00330724633832,False
11.0,4.0,0.44004903356548825,False,425.34864109739976,52.667986570324445,True
4.0,6.0,0.4158940623376056,False,437.58481367665416,35.01963701272039,False
6.0,3.0,0.2861599862954465,False,378.3465627825922,24.118266687288656,True
1.0,0.0,0.11801158043364382,True,22.492417722825206,17.052977263369808,False
2.0,0.0,0.11308180575942053,False,16.34464441440919,13.72473642752332,False
3.0,7.0,0.08124647069114103,False,59.384556535667336,17.872000258429956,True
0.0,7.0,0.3939198370578535,False,372.25647554958135,14.971395995521107,True
8.0,0.0,0.2722826060761384,False,535.0046692862566,43.990146742211245,False
10.0,7.0,0.2829700532150204,False,547.9230098734661,76.1716871394284,False
5.0,9.0,0.16806614555039148,False,68.13452355239734,19.03632014472786,True
12.0,14.0,0.10438463049265295,False,21.824869675442542,18.925561157686005,False
11.0,2.0,0.31861239169028854,False,220.38294876676648,26.532491394904703,True
5.0,9.0,0.4093173739457372,False,565.7748236954195,26.675966090582413,False
4.0,5.0,0.40922764919577187,False,821.9443723977865,31.54123083523957,True
13.0,12.0,0.1687204457531305,True,14.51878772583289,11.899318124087738,False
14.0,16.0,0.3657697710749153,False,22.47259892182806,16.386109647669407,False
5.0,8.0,0.37464274824731886,False,613.2111363884136,33.33656874345728,True
3.0,5.0,0.44171946592572037,False,600.7316796139028,25.75708561329744,False
11.0,9.0,0.36502647543652916,False,183.02898105542369,34.15571925047308,False
3.0,8.0,0.18145458326080582,False,279.5394110015226,33.56504532017067,True
